ErrorDocument 404 http://www.inkystories.com/404/index.html

Redirect 301 /?webcomic_post=a-runnin-from-a-gunnin-page-01-of-08 http://www.inkystories.com/comics/a-runnin-from-a-gunnin.html
Redirect 301 /a-runnin-from-a-gunnin http://www.inkystories.com/comics/a-runnin-from-a-gunnin.html

Redirect 301 /?webcomic_post=the-bleeding-mirror-page-01-of-07 http://www.inkystories.com/comics/the-bleeding-mirror.html
Redirect 301 /the-bleeding-mirror http://www.inkystories.com/comics/the-bleeding-mirror.html
Redirect 301 /bleeding-mirror http://www.inkystories.com/comics/the-bleeding-mirror.html

Redirect 301 /?webcomic_post=bottle-of-red-p1-webcomic http://www.inkystories.com/comics/bottle-of-red.html
Redirect 301 /bottle-of-red http://www.inkystories.com/comics/bottle-of-red.html

Redirect 301 /?webcomic_post=dead-by-the-pool-page-01-of-09 http://www.inkystories.com/comics/dead-by-the-pool.html
Redirect 301 /dead-by-the-pool http://www.inkystories.com/comics/dead-by-the-pool.html

Redirect 301 /?webcomic_post=earth-girls-rnt-easy-page-01-of-03 http://www.inkystories.com/comics/earth-girls-rnt-easy.html
Redirect 301 /earth-girls-rnt-easy http://www.inkystories.com/comics/earth-girls-rnt-easy.html

Redirect 301 /?webcomic_post=encore-page-01-of-11 http://www.inkystories.com/comics/encore.html
Redirect 301 /encore http://www.inkystories.com/comics/encore.html

Redirect 301 /?webcomic_post=go-snow http://www.inkystories.com/comics/go-snow.html
Redirect 301 /go-snow http://www.inkystories.com/comics/go-snow.html

Redirect 301 /?webcomic_post=grubhub-delivery http://www.inkystories.com/comics/grubhub-delivery.html
Redirect 301 /grubhub-delivery http://www.inkystories.com/comics/grubhub-delivery.html

Redirect 301 /?webcomic_post=here-i-am-page-01-of-04 http://www.inkystories.com/comics/here-i-am.html
Redirect 301 /here-i-am http://www.inkystories.com/comics/here-i-am.html

Redirect 301 /?webcomic_post=lucky-seven-the-dee-brown-incident-page-01-of-06 http://www.inkystories.com/comics/lucky-seven-dee-brown.html
Redirect 301 /lucky-seven-the-dee-brown-incident http://www.inkystories.com/comics/lucky-seven-dee-brown.html
Redirect 301 /the-dee-brown-incident http://www.inkystories.com/comics/lucky-seven-dee-brown.html
Redirect 301 /lucky-seven http://www.inkystories.com/comics/lucky-seven-dee-brown.html

Redirect 301 /?webcomic_post=the-last-day-on-earth http://www.inkystories.com/comics/the-last-day-on-earth.html
Redirect 301 /the-last-day-on-earth http://www.inkystories.com/comics/the-last-day-on-earth.html
Redirect 301 /last-day-on-earth http://www.inkystories.com/comics/the-last-day-on-earth.html

Redirect 301 /?webcomic_post=accidental-genius-little-green-man http://www.inkystories.com/comics/little-green-man.html
Redirect 301 /little-green-man http://www.inkystories.com/comics/little-green-man.html

Redirect 301 /?webcomic_post=the-worlds-slowest-foot-chase-page-01-of-03 http://www.inkystories.com/comics/the-worlds-slowest-foot-chase.html
Redirect 301 /the-worlds-slowest-foot-chase http://www.inkystories.com/comics/the-worlds-slowest-foot-chase.html

Redirect 301 /?webcomic_post=diane-aprince-in-the-yeoman-page-01-of-11 http://www.inkystories.com/comics/the-yeoman.html 
Redirect 301 /the-yeoman http://www.inkystories.com/comics/the-yeoman.html 
Redirect 301 /diane-aprince-in-the-yeoman http://www.inkystories.com/comics/the-yeoman.html 
Redirect 301 /diane-aprince-is-the-yeoman http://www.inkystories.com/comics/the-yeoman.html 

Redirect 301 /batgirls-bad-day http://www.inkystories.com/comics/batgirls-bad-day.html
Redirect 301 /batgirl's-bad-day http://www.inkystories.com/comics/batgirls-bad-day.html

Redirect 301 /?webcomic_post=enter-general-zaq-cover http://www.inkystories.com/comics/enter-general-zaq.html
Redirect 301 /enter-general-zaq http://www.inkystories.com/comics/enter-general-zaq.html
Redirect 301 /enter-general-zak http://www.inkystories.com/comics/enter-general-zaq.html
Redirect 301 /enter-general-zakk http://www.inkystories.com/comics/enter-general-zaq.html
Redirect 301 /dots-all-folks http://www.inkystories.com/comics/enter-general-zaq.html
Redirect 301 /dots-all-folks-wip http://www.inkystories.com/comics/enter-general-zaq.html

Redirect 301 /?webcomic_post=ladybat-and-the-fanboy-in-tool-talk http://www.inkystories.com/comics/ladybat-fanboy-tool-talk.html
Redirect 301 /ladybat-and-the-fanboy-in-tool-talk http://www.inkystories.com/comics/ladybat-fanboy-tool-talk.html
Redirect 301 /ladybat-fanboy-tool-talk http://www.inkystories.com/comics/ladybat-fanboy-tool-talk.html
Redirect 301 /ladybat-tooltalk http://www.inkystories.com/comics/ladybat-fanboy-tool-talk.html
Redirect 301 /ladybat+fanboy-tooltalk http://www.inkystories.com/comics/ladybat-fanboy-tool-talk.html

Redirect 301 /?webcomic_post=dark-knight-on-a-dark-night-2011 http://www.inkystories.com/comics/batgirl-in-training-day.html
Redirect 301 /batgirl-in-training-day http://www.inkystories.com/comics/batgirl-in-training-day.html
Redirect 301 /batgirl-training-day http://www.inkystories.com/comics/batgirl-in-training-day.html
Redirect 301 /dark-knight-on-a-dark-night-2011 http://www.inkystories.com/comics/batgirl-in-training-day.html

Redirect 301 /?webcomic_post=dark-knight-on-a-dark-night-2012 http://www.inkystories.com/comics/the-million-dollar-debut-of-batgirl.html
Redirect 301 /the-million-dollar-debut-of-batgirl http://www.inkystories.com/comics/the-million-dollar-debut-of-batgirl.html
Redirect 301 /batgirl-debut http://www.inkystories.com/comics/the-million-dollar-debut-of-batgirl.html
Redirect 301 /dark-knight-on-a-dark-night-2012 http://www.inkystories.com/comics/the-million-dollar-debut-of-batgirl.html

Redirect 301 /?webcomic_post=dark-knight-on-a-dark-night-2013 http://www.inkystories.com/comics/day-of-the-batgirl.html
Redirect 301 /day-of-the-batgirl http://www.inkystories.com/comics/day-of-the-batgirl.html

Redirect 301 /?webcomic_post=dark-knight-on-a-dark-night-2014 http://www.inkystories.com/comics/batgirl-in-time-crash.html
Redirect 301 /dark-knight-on-a-dark-night-6 http://www.inkystories.com/comics/batgirl-in-time-crash.html-2014
Redirect 301 /batgirl-time-crash http://www.inkystories.com/comics/batgirl-in-time-crash.html
Redirect 301 /batgirl-in-time-crash http://www.inkystories.com/comics/batgirl-in-time-crash.html
Redirect 301 /DKoaDN14 http://www.inkystories.com/comics/batgirl-in-time-crash.html
Redirect 301 /DKoaDN6 http://www.inkystories.com/comics/batgirl-in-time-crash.html

Redirect 301 /?webcomic_post=dark-knight-on-a-dark-night-2015 http://www.inkystories.com/comics/the-dark-knight-damsel-returns.html
Redirect 301 /the-dark-knight-damsel-returns http://www.inkystories.com/comics/the-dark-knight-damsel-returns.html
Redirect 301 /batgirl-returns http://www.inkystories.com/comics/the-dark-knight-damsel-returns.html
Redirect 301 /the-batgirl-returns http://www.inkystories.com/comics/the-dark-knight-damsel-returns.html
Redirect 301 /batgirl-dark-knight-damsel-returns http://www.inkystories.com/comics/the-dark-knight-damsel-returns.html

Redirect 301 /?webcomic_post=dark-knight-on-a-dark-night-2016 http://www.inkystories.com/comics/batgirl-and-joker.html
Redirect 301 /batgirl-and-joker http://www.inkystories.com/comics/batgirl-and-joker.html
Redirect 301 /batgirl-v-joker http://www.inkystories.com/comics/batgirl-and-joker.html
Redirect 301 /batgirl-vs-joker http://www.inkystories.com/comics/batgirl-and-joker.html
Redirect 301 /batgirl-joker http://www.inkystories.com/comics/batgirl-and-joker.html
Redirect 301 /batgirl-and-the-joker http://www.inkystories.com/comics/batgirl-and-joker.html
Redirect 301 /barbara-gordon-is-the-batgirl http://www.inkystories.com/comics/batgirl-and-joker.html

Redirect 301 /?p=358 http://www.inkystories.com/comics/paradigm-shift.html
Redirect 301 /paradigm-shift http://www.inkystories.com/comics/paradigm-shift.html

Redirect 301 /plate-ground http://www.inkystories.com/comics/plate-ground.html
Redirect 301 /?webcomic_post=plate-ground http://www.inkystories.com/comics/plate-ground.html

Redirect 301 /?webcomic_post=school-fight-page-1 http://www.inkystories.com/comics/school-fight.html
Redirect 301 /school-fight http://www.inkystories.com/comics/school-fight.html

Redirect 301 /?webcomic_post=shower-powered-page-01-of-03 http://www.inkystories.com/comics/shower-powered.html
Redirect 301 /shower-powered http://www.inkystories.com/comics/shower-powered.html

Redirect 301 /?webcomic_post=six-year-old-horse-thief-page-01-of-08 http://www.inkystories.com/comics/six-year-old-horse-thief.html
Redirect 301 /six-year-old-horse-thief http://www.inkystories.com/comics/six-year-old-horse-thief.html

Redirect 301 /?webcomic_post=the-null-device-cover-scifi-pulp http://www.inkystories.com/comics/the-null-device.html
Redirect 301 /null-device http://www.inkystories.com/comics/the-null-device.html
Redirect 301 /nulldevice http://www.inkystories.com/comics/the-null-device.html
Redirect 301 /the-null-device http://www.inkystories.com/comics/the-null-device.html

Redirect 301 /?webcomic_post=the-return-page-01-of-02 http://www.inkystories.com/comics/the-return.html
Redirect 301 /the-return http://www.inkystories.com/comics/the-return.html

Redirect 301 /?webcomic_post=the-watchman-page-01-of-02 http://www.inkystories.com/comics/the-watchman.html
Redirect 301 /the-watchman http://www.inkystories.com/comics/the-watchman.html

Redirect 301 /?webcomic_post=twilights-last-gleaming-page-01-of-09 http://www.inkystories.com/comics/twilights-last-gleaming.html
Redirect 301 /twilights-last-gleaming http://www.inkystories.com/comics/twilights-last-gleaming.html
Redirect 301 /twilight-blade http://www.inkystories.com/comics/twilights-last-gleaming.html
Redirect 301 /twilight-blade http://www.inkystories.com/comics/twilights-last-gleaming.html
Redirect 301 /blade-kills-twilight http://www.inkystories.com/comics/twilights-last-gleaming.html
Redirect 301 /blade-kills-twilight-duoshade http://www.inkystories.com/comics/twilights-last-gleaming.html

Redirect 301 /?webcomic_post=not-really-blade-kills-twilight-page-01-of-09 http://www.inkystories.com/comics/not-really-blade-kills-twilight.html
Redirect 301 /not-really-blade-kills-twilight http://www.inkystories.com/comics/not-really-blade-kills-twilight.html
Redirect 301 /blade-kills-twilight-color http://www.inkystories.com/comics/not-really-blade-kills-twilight.html

Redirect 301 /?webcomic_post=window-of-opportunity-page-01-of-02 http://www.inkystories.com/comics/window-of-opportunity.html
Redirect 301 /window-of-opportunity http://www.inkystories.com/comics/window-of-opportunity.html

Redirect 301 /?webcomic_post=zips-last-day-page-01-of-16 http://www.inkystories.com/comics/zips-last-day.html
Redirect 301 /zips-last-day http://www.inkystories.com/comics/zips-last-day.html

Redirect 301 /?webcomic_post=reach-24-hour-comic-2004-page-01-of-12 http://www.inkystories.com/comics/reach.html
Redirect 301 /24-hour-comic-2004 http://www.inkystories.com/comics/reach.html
Redirect 301 /reach http://www.inkystories.com/comics/reach.html

Redirect 301 /?webcomic_post=soaked-24-hour-comic-2007-page-01-of-24 http://www.inkystories.com/comics/soaked.html
Redirect 301 /24-hour-comic-2007 http://www.inkystories.com/comics/soaked.html
Redirect 301 /soaked http://www.inkystories.com/comics/soaked.html

Redirect 301 /?webcomic_post=untitled-24-hour-comic-2008-page-01-of-13 http://www.inkystories.com/comics/now-aint-soon-enough.html
Redirect 301 /24-hour-comic-2008 http://www.inkystories.com/comics/now-aint-soon-enough.html
Redirect 301 /now-aint-soon-enough http://www.inkystories.com/comics/now-aint-soon-enough.html

Redirect 301 /?webcomic_post=blank-spot-24-hour-comic-2009-page-01-of-20 http://www.inkystories.com/comics/blank-spot.html
Redirect 301 /24-hour-comic-2009 http://www.inkystories.com/comics/blank-spot.html
Redirect 301 /blank-spot http://www.inkystories.com/comics/blank-spot.html

Redirect 301 /?webcomic_post=training-daze-24-hour-comic-2010-page-01-of-19 http://www.inkystories.com/comics/training-daze.html
Redirect 301 /24-hour-comic-2010 http://www.inkystories.com/comics/training-daze.html
Redirect 301 /training-daze http://www.inkystories.com/comics/training-daze.html

Redirect 301 /?webcomic_post=doctor-who-into-the-dalek-page-1-of-1 http://www.inkystories.com/comics/doctor-who-into-the-dalek.html
Redirect 301 /doctor-who-into-the-dalek http://www.inkystories.com/comics/doctor-who-into-the-dalek.html
Redirect 301 /into-the-dalek http://www.inkystories.com/comics/doctor-who-into-the-dalek.html

Redirect 301 /?p=695 http://www.inkystories.com/comics/doctor-who-flatline.html
Redirect 301 /doctor-who-flatline http://www.inkystories.com/comics/doctor-who-flatline.html
Redirect 301 /doctor-who-flat-stanley http://www.inkystories.com/comics/doctor-who-flatline.html
 
Redirect 301 /?p=698 http://www.inkystories.com/comics/doctor-who-handles-revenge.html
Redirect 301 /doctor-who-handles-revenge http://www.inkystories.com/comics/doctor-who-handles-revenge.html

Redirect 301 /?webcomic_post=agent-k-judo-trick-the-strangler http://www.inkystories.com/comics/agent-k-judo-trick-strangler.html
Redirect 301 /agent-k-judo-trick-strangler http://www.inkystories.com/comics/agent-k-judo-trick-strangler.html
Redirect 301 /agent-k-judo-trick-the-strangler http://www.inkystories.com/comics/agent-k-judo-trick-strangler.html

Redirect 301 /?webcomic_post=stop-that-panzer-woman-cover http://www.inkystories.com/comics/stop-that-panzer-woman.html
Redirect 301 /stop-that-panzer-woman http://www.inkystories.com/comics/stop-that-panzer-woman.html
Redirect 301 /panzer-woman http://www.inkystories.com/comics/stop-that-panzer-woman.html
Redirect 301 /agent-k-panzer-woman http://www.inkystories.com/comics/stop-that-panzer-woman.html

Redirect 301 /?webcomic_post=inky-stories-7-outside-front-cover http://www.inkystories.com/comics/cupids-got-a-death-ray.html
Redirect 301 /cupids-got-a-death-ray http://www.inkystories.com/comics/cupids-got-a-death-ray.html
Redirect 301 /cupid-death-ray http://www.inkystories.com/comics/cupids-got-a-death-ray.html
Redirect 301 /agent-k-cupid-death-ray http://www.inkystories.com/comics/cupids-got-a-death-ray.html

Redirect 301 /?webcomic_post=i-did-nothing-page-1-of-4 http://www.inkystories.com/comics/i-did-nothing.html
Redirect 301 /i-did-nothing http://www.inkystories.com/comics/i-did-nothing.html

Redirect 301 /?webcomic_post=the-punisher-in-franks-next-mission-page-1-of-2 http://www.inkystories.com/comics/franks-next-mission.html
Redirect 301 /franks-next-mission http://www.inkystories.com/comics/franks-next-mission.html
Redirect 301 /punisher-vs-galactus http://www.inkystories.com/comics/franks-next-mission.html

Redirect 301 /?p=476 http://www.inkystories.com/blog/exhibit-2013-agencyport.html
Redirect 301 /exhibit-2013-agencyport http://www.inkystories.com/blog/exhibit-2013-agencyport.html
Redirect 301 /exhibit-2013-agencyport-software http://www.inkystories.com/blog/exhibit-2013-agencyport.html
Redirect 301 /inkystories-exhibit-agencyport http://www.inkystories.com/blog/exhibit-2013-agencyport.html
Redirect 301 /inkystories-exhibit-agencyport-software http://www.inkystories.com/blog/exhibit-2013-agencyport.html

Redirect 301 /exhibit-2002-inman-square http://www.inkystories.com/blog/exhibit-2002-inman-square.html
Redirect 301 /exhibit-2002-1369 http://www.inkystories.com/blog/exhibit-2002-inman-square.html
Redirect 301 /exhibit-inman-square http://www.inkystories.com/blog/exhibit-2002-inman-square.html
Redirect 301 /exhibit-1369 http://www.inkystories.com/blog/exhibit-2002-inman-square.html
Redirect 301 /exhibit-1369-coffee-house http://www.inkystories.com/blog/exhibit-2002-inman-square.html
Redirect 301 /exhibit-1369-coffeehouse http://www.inkystories.com/blog/exhibit-2002-inman-square.html
